{"manufactured": 2024.0, "curb_weight": 25620.0, "power": 735.0, "power_log": 6.601230118728877, "power_root": 27.110883423451916, "engine_cap": 15681.0, "engine_cap_log": 9.660268836790868, "engine_cap_root": 125.22379965485794, "depreciation": 607730.0, "depreciation_log": 13.317487628834884, "depreciation_root": 779.5703945122596, "coe": 158004, "road_tax": 12375.0, "road_tax_log": 9.423514392252901, "road_tax_root": 111.24297730643494, "dereg_value": 1114652.0, "dereg_value_log": 13.924053703677906, "dereg_value_root": 1055.770808461761, "mileage": 1290000.0, "mileage_log": 14.070153551531353, "mileage_root": 1135.7816691600547, "omv": 811764.0, "omv_log": 13.606966168389992, "omv_root": 900.9794670246375, "arf": 1491920.0, "arf_log": 14.21557510928233, "arf_root": 1221.4417710230807, "year": 2024, "month": 12}