{"manufactured": 1939.0, "curb_weight": 435.0, "power": 0.0, "power_log": 0.0, "power_root": 0.0, "engine_cap": 0.0, "engine_cap_log": 0.0, "engine_cap_root": 0.0, "depreciation": 1770.0, "depreciation_log": 7.479299637782834, "depreciation_root": 42.07136793592526, "coe": 2605, "road_tax": 50.0, "road_tax_log": 3.9318256327243257, "road_tax_root": 7.0710678118654755, "dereg_value": 11.0, "dereg_value_log": 2.4849066497880004, "dereg_value_root": 3.3166247903554, "mileage": 1.0, "mileage_log": 0.6931471805599453, "mileage_root": 1.0, "omv": 426.0, "omv_log": 6.056784013228625, "omv_root": 20.639767440550294, "arf": 23.0, "arf_log": 3.1780538303479458, "arf_root": 4.795831523312719, "year": 1959, "month": 1}